0cH8YeO15ZywEhPrJvmj.bytes.raw,1
0iBaz3krsQ8HuA7cGDSt.bytes.raw,1
0qpMX5CZU8mgD2kaRNVv.bytes.raw,1
0ZHV6acpJ9KkAWPjEI71.bytes.raw,1
1Cub9LvOgMWkQqs3R2ef.bytes.raw,1
1hK3zVxBGXmtTP6JlHwb.bytes.raw,1
1mTVBq2nUDktewXxNH7W.bytes.raw,1
1TKPznCeQg9cHYflavwb.bytes.raw,1
23X8YxaVuUHGecPoCtlN.bytes.raw,1
2bdnyMU3XQlIA5grPeZm.bytes.raw,1
2HesW5JxQNOGSIUubRzX.bytes.raw,1
2PFLzYNrp1d96DAVQlIk.bytes.raw,1
2T9zBqN60tJEQmOblyM8.bytes.raw,1
31KjQiNWATfPaozHtYOl.bytes.raw,1
3bapyeGYC5Zot4Sm1NOd.bytes.raw,1
3fxHsVZeOikwBYzM5KCJ.bytes.raw,1
3kKFSINOJQtmcxXyq6LR.bytes.raw,1
3qTBeSjiWwaUAmP5y1xs.bytes.raw,1
3yHaDhqlkp67fzMQAgxc.bytes.raw,1
4ACdoN6gKbsxJfklGT9Z.bytes.raw,1
4fuBOsA3MzoUyhHq1Dwg.bytes.raw,1
4lCg5d8GD17tpwQso6RZ.bytes.raw,1
4QlfSpex83Nsh2oBcWXv.bytes.raw,1
4VKhCWNBkJxvnOreStys.bytes.raw,1
56xz9YhvW0CwotDpBnMQ.bytes.raw,1
5GpVKiAvyOcJlnaSZkfx.bytes.raw,1
5mFA9kajVz67sSR8YNGL.bytes.raw,1
5pQS3Z7bW1c84XRhmJYx.bytes.raw,1
5Su9y2pdWjXihsICkxUF.bytes.raw,1
5Wj7vbRmSAoHI2Dfsql3.bytes.raw,1
69jsYQMcGwzrBLUPRb5e.bytes.raw,1
6JckVCSUd5azvlGjBtbu.bytes.raw,1
6QAVaZX5SgTDHUpc3fMn.bytes.raw,1
6tfw0xSL2FNHOCJBdlaA.bytes.raw,1
6ZO9dMHY5JkCofwTSyvm.bytes.raw,1
7C3msQWn96FlYTj1wGSc.bytes.raw,1
7IrpXlvH6LOStVaewBPg.bytes.raw,1
7O0WDlde2cJBq9VuM5nR.bytes.raw,1
7TCJgElGe5zdMK94wqoU.bytes.raw,1
82kVSm5MBPszG7X13Zin.bytes.raw,1
8eiOKmj1ER6wzul0bpT5.bytes.raw,1
8jeHRBlOysCUn9FKaAuf.bytes.raw,1
8p7F2yktHj4Sxd5IPJDs.bytes.raw,1
8xoYOIE7Kf3htDGPbHA4.bytes.raw,1
94dA6U1Diuc0rQxlyveO.bytes.raw,1
9Ek3SCm6VvZUhNtnpGK8.bytes.raw,1
9JN4L3y2vZm5qUcdglSu.bytes.raw,1
9nvIAP8UiY2GxMe5ptSJ.bytes.raw,1
9VwJWL5a42R0DtU1jrHk.bytes.raw,1
9YkUqjMJE6d1yxtgs8FW.bytes.raw,1
A4xfRz73qWePOCnJ2Sya.bytes.raw,1
aBDyrtRX3zb5mwhnuQN7.bytes.raw,1
afdzA0BVnQ9hPYHlLiN5.bytes.raw,1
Ahf2RFO1D7nxtwWTGPl4.bytes.raw,1
AkOyQ3YexrD8c9hdnuJT.bytes.raw,1
ANwSdUVmzaRjl3oKIX0k.bytes.raw,1
aRbNvuZ4LQ0JVYOTP2Ax.bytes.raw,1
AtOQsHM021G6RwbeKBUk.bytes.raw,1
AwqyMtJmpSKGOjxUBkdn.bytes.raw,1
aZghyTF6u2VcPkHsEqfp.bytes.raw,1
B5KcvwyrkjX8oZWbMRap.bytes.raw,1
b8Zi5NAtq7mysdLGIlMx.bytes.raw,1
bBnuyol7tOzxpjG4MZ8e.bytes.raw,1
BhQ38lHiDYTZUVbyonKF.bytes.raw,1
BiZV7jR96sXH4IhbrLNJ.bytes.raw,1
bmX4CguMr18O7DxThdiS.bytes.raw,1
BptGe4VriOWLUXmwoN81.bytes.raw,1
BRHGMC6IkeKx4LjfPJ1Y.bytes.raw,1
bUBIJjfCntiQRvzh416F.bytes.raw,1
Bwy4zORApCad3tDH9WSo.bytes.raw,1
C0uidNjwV8lrPgzt1JSG.bytes.raw,1
C7Kn4Pc3blWQFN5EdJfi.bytes.raw,1
CARP1OEijlQVXYxZa0tH.bytes.raw,1
CdBnaqstfPMA9NXroOJh.bytes.raw,1
Chq2jb7PZtFyi9S3eYUA.bytes.raw,1
clykXHZJqdY05zKOmLae.bytes.raw,1
cn2u9ljzm6UL7o4q3kAX.bytes.raw,1
cqdUoQDaZfGkt5ilBe7n.bytes.raw,1
CSd9xghUeLkpPtcwJKIq.bytes.raw,1
CuxeASFn8t53UTNl7ZOm.bytes.raw,1
cYIil3ZrukB1pV8Uzo2w.bytes.raw,1
D5mrsLY0P2V1UIXujgES.bytes.raw,1
dBO4MNxb7AzLaoWpm9vC.bytes.raw,1
dEqSgXhkzP3jR2ALVx9a.bytes.raw,1
dhS5TXjYM0yLufrw3xgo.bytes.raw,1
dkbDnlI7TqHBpteJx60c.bytes.raw,1
DnmZzjur8OdgbvAJ9RxF.bytes.raw,1
dQYLG7IkjvbDJENTMWAa.bytes.raw,1
du1GTVz7NXjvMLoUrnIZ.bytes.raw,1
dwSBf3y2m8NrMP57AVeQ.bytes.raw,1
e1KAXRxrOTc5snpuWVvj.bytes.raw,1
E8vGptxQ9XyHZ3RiJoD0.bytes.raw,1
eD3GZgf1rJ5UEi9Awalk.bytes.raw,1
efKbsRXGgy15NPHW8tI4.bytes.raw,1
EhSAMWFg7Uk5oqBfNlcC.bytes.raw,1
ELbIP3i6rgW41Rl9phnZ.bytes.raw,1
ePkWEsumiFcf4S1DMxJI.bytes.raw,1
ErJfdSCzHT0DFsN7Wcob.bytes.raw,1
ESWN3jbO4QaLp2HDuIzg.bytes.raw,1
eXFGUlRML6kdJfYu5a9h.bytes.raw,1
f1oeHaTRizBkKXEnLGcF.bytes.raw,1
F6WTdXrgLfco1s2PUlyH.bytes.raw,1
FbHh56UTgNAQlPsKOudE.bytes.raw,1
fEMdwkrczmt7j0RTL14J.bytes.raw,1
fi4BrAl2QgjNsaubUJSE.bytes.raw,1
fmgKokQPXGiF6hexOA4s.bytes.raw,1
fPK9LJkSuoQCH0apyqNU.bytes.raw,1
fRcoCxGFkr2KP0vU634D.bytes.raw,1
fug584IGjQdWTSY3pke2.bytes.raw,1
Fx7OEUwu1anTG8bQhqc0.bytes.raw,1
G0xmghzaP9n2HUCNlKFZ.bytes.raw,1
g4N1hd78brza3nYsHQfG.bytes.raw,1
G8nd3QDysqeJ75mM0uTZ.bytes.raw,1
GdRjCWQ4UJSXn207YEwr.bytes.raw,1
GFVUryQSjKEPM5pqs9h2.bytes.raw,1
gIjbust1dlK9OpEiAMBV.bytes.raw,1
gkE2CmMqQtSP3JI6ZoHU.bytes.raw,1
gnJEALKUuqpMFItHRVzy.bytes.raw,1
Gq5fwFsb7cHlhy2zTO9I.bytes.raw,1
gsY6e1zD4FdKItQvWqul.bytes.raw,1
gW1ky2rURczMSTb3Eq80.bytes.raw,1
H0AQvoZrzgbPiMtdeUWs.bytes.raw,1
H6tgJ4jTyak8VsANRFud.bytes.raw,1
hEHyIjpekGRvX375Tt2s.bytes.raw,1
HipXT3fGelugcbwKmkCv.bytes.raw,1
hkwv0zui5laA6Wg4V9c2.bytes.raw,1
HNOm6L7wSiGhjp1U3stq.bytes.raw,1
hplxP3Se6N40oMBqY81v.bytes.raw,1
HstMehvkaw6BWg5LjUzq.bytes.raw,1
HV0ctLUKfW1ozkmC7BMJ.bytes.raw,1
hzQEN4vnyrWbJVo8cSGU.bytes.raw,1
i5XIeh8WyrO79NklcwBJ.bytes.raw,1
I9lORUzi68vFf2510QjP.bytes.raw,1
idM9jgSrFceTfECaYGLs.bytes.raw,1
iHMt9Cae1FUfWZTcEvIk.bytes.raw,1
IlMibEgeH8KjRyfdcU23.bytes.raw,1
InZ7pDWkg9MAcEwU2v3O.bytes.raw,1
IRE32sreyaptx70cJTGb.bytes.raw,1
iuy39zbPM8EZ4NIpOUTf.bytes.raw,1
Ix1zV6v9hTQNPnk0aR7m.bytes.raw,1
J1mFkVIda2ti9BnfG7Mp.bytes.raw,1
J6knLo1rpRBEldSt7bw0.bytes.raw,1
JchT0OvFpwRX9beS3i2k.bytes.raw,1
jgADkcnCSRavse34pTXZ.bytes.raw,1
jKxs6EIpRPOWuef8XykS.bytes.raw,1
JMngbfY3PC5WkjA2iSvH.bytes.raw,1
Jo4mF0en982QIKTAbOXN.bytes.raw,1
JRkmlOCtMWc9j1o6E20h.bytes.raw,1
jsTnFQZN0zuGqAgcOfaS.bytes.raw,1
jwgdCnV54xIZHMSsGYFc.bytes.raw,1
JySEQsbmRtqxuN2D5IYO.bytes.raw,1
K1rbQxOSzNHR2MdW4tgE.bytes.raw,1
K7va1ZC6DzFHqBVgWY2R.bytes.raw,1
Kbpouar84hSgwVWvf1Nk.bytes.raw,1
05aiMRw13bYWqZ8OHvjl.bytes.raw,2
0BEsCP7NAUy8XmkenHWG.bytes.raw,2
0G2RV1chBlIbkt6JqA5Q.bytes.raw,2
0GuYe4J7oLwQ82xr3pWS.bytes.raw,2
0isdESDMzq2K8T6FLPcC.bytes.raw,2
0NmoAEOtIDdwiVr9PCBf.bytes.raw,2
0sMxy5SNLu1YCkKJzaB3.bytes.raw,2
0XbS5KBuICayhs2p3NTU.bytes.raw,2
10oTLIHtSwzCN45DysmQ.bytes.raw,2
1awXjkTQiJpCeDV7dL8m.bytes.raw,2
1DmFGLjAlhPwn4yEVteq.bytes.raw,2
1GvV8Jsz09wLnje4kSyN.bytes.raw,2
1M9k5toHiWfZcLzrdFlw.bytes.raw,2
1pbue49Pjf0hxXSNlnmH.bytes.raw,2
1TLN456WuaqCsDr9pv0z.bytes.raw,2
1XgEYavLi9R0fV8BxHS5.bytes.raw,2
24DYHUbwxidKLV05Genl.bytes.raw,2
2bf65CdkZTUGXjzq9KNJ.bytes.raw,2
2flIW834uQtoPkaBsJxY.bytes.raw,2
2jSxktyUYeWKChNocI04.bytes.raw,2
2NYAUVgtXPpbJzRQO7Cl.bytes.raw,2
2qJP9B5QlxeDECIVzLo4.bytes.raw,2
2tb9hEeGUao8nTrIplZJ.bytes.raw,2
2VHnal41dt9Ar0EhQSjZ.bytes.raw,2
2Zlt5IE9yexj3QM7N6cP.bytes.raw,2
35rbwhMGTxqAWjuFt20m.bytes.raw,2
3AS4rfoQOLUYWzMBwhGp.bytes.raw,2
3gkZ4wV0vUx8haYiMuq1.bytes.raw,2
3jt6Y8zF1DHOvgKsTPqy.bytes.raw,2
3p1PbuZYL5a0XcqxNTdE.bytes.raw,2
3VhctkRHdsDrmalfXZxz.bytes.raw,2
3ZvD4c8oNIOTib1JEfMa.bytes.raw,2
48hgcanwOk90e2A6FsLr.bytes.raw,2
4GLY2XFSEMmB6CVsAJ9f.bytes.raw,2
4jVLlkxAIGvb3MBzDYHc.bytes.raw,2
4nmQkq5dyZfwPYaRbD7i.bytes.raw,2
4QHFOZBpgUjaPAu6fXrC.bytes.raw,2
4unYl0BDo2NvIZGiEJWj.bytes.raw,2
4ZVXB9xfgPzeRGmW3AkI.bytes.raw,2
57v6nKMC8lhLV34je2RW.bytes.raw,2
5BaLThMIuk2X4WmHge0U.bytes.raw,2
5FBEHZIJrAUjeozKVYmM.bytes.raw,2
5iTN1hBtkRDLcF7JZYns.bytes.raw,2
5nVHoz9ce2AmrSFbRIJg.bytes.raw,2
5rtfSP91u3LJsbzMVWnw.bytes.raw,2
5V2a0gIrnbudcovQXh9W.bytes.raw,2
5yeOrl2fKasq6BnStQ4G.bytes.raw,2
62v1di8prIYZuGkPRFab.bytes.raw,2
69aKs7pQZjI2tWN80bHy.bytes.raw,2
6Cvyc7zMbZq5DfJprmXP.bytes.raw,2
6GbjZn4wEtWSkrJUzoVc.bytes.raw,2
6KYwD9A0nHtT2GmcVgES.bytes.raw,2
6NTZfuU347Ecxj90rigy.bytes.raw,2
6qs0AxVC4GY2DJZyT9mN.bytes.raw,2
6tgGScmbuHN1OTx0QI7r.bytes.raw,2
6wQzVGgRDpW5ZuAMO0Us.bytes.raw,2
73VYXPJgsRlKIMiOLwG4.bytes.raw,2
7aYpinlyB6x4IMFRd1fh.bytes.raw,2
7EWa5VQz2NB4MgdPCtTp.bytes.raw,2
7je1xyz0ip59f43nImHM.bytes.raw,2
7pbVgdSnjUPTrwcR5GXu.bytes.raw,2
7qY2raQ6izp1KwGcsdyn.bytes.raw,2
7uj5dveZfCAg4MWnorY0.bytes.raw,2
7z03lVS5IJ8wOCvQyFdZ.bytes.raw,2
81qGwidJPUF7N6hpmerO.bytes.raw,2
87Cf2go9YulDiHEyekaS.bytes.raw,2
8dtjTeoB2HFkZiWQ6azg.bytes.raw,2
8GRqMaEyALrQtJfWIVk6.bytes.raw,2
8kUrNzex6d4RXAHh935y.bytes.raw,2
8O7mDBd4HqE3PxFtWnug.bytes.raw,2
8rD4bFYzXTVB5IPH1Mdv.bytes.raw,2
8UkPtCpjVyIMKTLwnl43.bytes.raw,2
8Z3061HFCR7VUzK25iGx.bytes.raw,2
9463P7bjDcRnOYxeXAzN.bytes.raw,2
9bDpXWcKkjMYSygu3CAB.bytes.raw,2
9f0vLRPdeQOU6V8Dgs3k.bytes.raw,2
9ilHZxJ10UtOGsFQfDLg.bytes.raw,2
9mKvw8t3d6jRVfnzsDIJ.bytes.raw,2
9raWvRhK05jbzNPpdQcl.bytes.raw,2
9xCOeSAVnyF7GDbEhu6l.bytes.raw,2
A1HObY8XCjgNR6vKnPk0.bytes.raw,2
a84R1sFmP2NvicpgkJIo.bytes.raw,2
acmyYPxFCBR5jGoUz1JM.bytes.raw,2
aeEpJKzLA9OhHB0QTbPN.bytes.raw,2
AFvUmeRdpGXSycwn706I.bytes.raw,2
AiBZ6U7w81lfYv5DNkoP.bytes.raw,2
aJtXlTdUzZGoEwB3i5Pm.bytes.raw,2
ALk7nXPtb84eCUWd0lGv.bytes.raw,2
ANrxlbe7tZT9zCJ1fVEv.bytes.raw,2
aQXjIr1BqHLyG2YEvVkm.bytes.raw,2
As17USNMXIZgoiYjTyaC.bytes.raw,2
AtwHzolfjd5PGZrOFXY1.bytes.raw,2
aviAP6tKyz1hRZMqGU53.bytes.raw,2
aXMsY6r5HDflGbOjUcu7.bytes.raw,2
B207sNpJEnMqxdzIbg3e.bytes.raw,2
b6v9EtuRPJncx0Os4FyN.bytes.raw,2
BAzLufVOT1dQk0yg9X8o.bytes.raw,2
bdxGSpKnOyL28Z7aVqoU.bytes.raw,2
BFuieglsUYJ934Dh0kw8.bytes.raw,2
bI76Nj2rwaBMqJc1FxDQ.bytes.raw,2
bjYnW35luS8H4QGpr92E.bytes.raw,2
BmMDeyRaJzQ39WPK2VIs.bytes.raw,2
bpIA0CvVdmQcEB2oisqj.bytes.raw,2
brthU9A3nugqsSwJ6BC1.bytes.raw,2
BtVdFlwcQGAkLhZ5Pp13.bytes.raw,2
BVSHRsC20rP3z6ZLmfnK.bytes.raw,2
bYvCdoTMQypIa367GUL1.bytes.raw,2
C01DeUio3WYBJg45AM2H.bytes.raw,2
C3rzsiflkeKIoJ49XLA7.bytes.raw,2
c5oI2wARWuaKLsGXf7i8.bytes.raw,2
C8oNuSMO0skpL1BUP7lQ.bytes.raw,2
catrJpdjF4qNw2UePAQL.bytes.raw,2
cd3DfPtAZqQHFR5TYJoG.bytes.raw,2
CF6vmR5JGh0jw8eNoE1I.bytes.raw,2
CGTaYbKUWz1SEQqH289o.bytes.raw,2
CkqxXreDEdPLm6QHnMiO.bytes.raw,2
cnf03bdvewDVXMWHFT75.bytes.raw,2
CosyQLTrjivhRawX6GfJ.bytes.raw,2
cqeAnIZ25WC4vHmM7zOR.bytes.raw,2
cRLVYFJTAaoIOWk1dHUy.bytes.raw,2
CT9nz5AgFyHGskIN8Oaj.bytes.raw,2
CVNHj8u3ZfAQOelMq5r4.bytes.raw,2
cYB3ouJ9iMjNUkTa20vy.bytes.raw,2
czxjYgBb4TeOD38AhNvi.bytes.raw,2
d3fFztVhAlOUSc5obTqC.bytes.raw,2
d7oLya1XJFWjEpRzmGVI.bytes.raw,2
dAhrESDjXnYI3kfmob7B.bytes.raw,2
dBo2VNziGhKEm8S01jc6.bytes.raw,2
dcXMOYwoFIA59iRfGST6.bytes.raw,2
DFjelLkv1az9bJfysVqi.bytes.raw,2
dHUq5yM8w0LND9PaepZY.bytes.raw,2
Dl76jatFczZmsKedJ1TR.bytes.raw,2
DnSUoWCAcyx2bsizNwK8.bytes.raw,2
dQmwlrk1HGNUTh6KsYSv.bytes.raw,2
dT4zQLE6Z2kCapGr1FYy.bytes.raw,2
DU2wypXWRjbvh4oAdOex.bytes.raw,2
Dvs1tiIfjYZJcV0dT2rS.bytes.raw,2
DY2cQNXStMAUvr8gkEqb.bytes.raw,2
Dz6QkSVB4ax1siyK8fGP.bytes.raw,2
e0rtoZ7S9LHuzhwyxcsi.bytes.raw,2
e2NUHL3pAyVg7IoPhYzv.bytes.raw,2
e5wMdCRg8E3SQrDqyiNo.bytes.raw,2
e8uQB30WJNbqXEf9SaRI.bytes.raw,2
EC1WfFmvIi0sx8lzwDAZ.bytes.raw,2
edyzYvJXM7oLhGwHE61D.bytes.raw,2
EgeQ4cu0XsFMWZNAf52o.bytes.raw,2
EiG3AOTeXU1659IJMrjv.bytes.raw,2
Ek7vsbD2Zd4IfM8xA0lw.bytes.raw,2
ELmatiKOqT8kuJWFjcwR.bytes.raw,2
eMZYXFS0jiHTV5y742UC.bytes.raw,2
EoLuvjUwHXh2saIBzQb0.bytes.raw,2
eqXxKPNwuIghaZ6GDACY.bytes.raw,2
esfmSy1PQMkGNbOBDxZR.bytes.raw,2
eu5p80LQma3sw2OhkiZ1.bytes.raw,2
Ewn8395kMeDfBKxXJQd4.bytes.raw,2
ezSnoZwWGUQfiDF3k58b.bytes.raw,2
f3J7wQUqnge80iyXuxsL.bytes.raw,2
f7N2pUSuH6Fgvj4sIk8A.bytes.raw,2
FB7P8fucig2oslTCEept.bytes.raw,2
fdDxaCeIbvKowFXhMGQJ.bytes.raw,2
FEiS5U2paZH1eDR67j40.bytes.raw,2
fh1V8wnrOJAZGzsRQB60.bytes.raw,2
fJurCwMAdLt9iZhsEFgK.bytes.raw,2
fLeoBakqKybnUHclM0dG.bytes.raw,2
FN5lMWj0kPY3SBRcoHvz.bytes.raw,2
FoS2Z5sNPOI1vQGWaRMe.bytes.raw,2
fqom9xYgBEHIZ6iRA78s.bytes.raw,2
FRTmvrEKAXNotPaWdqn4.bytes.raw,2
fTdzEIkhXGAJiV7BqxsW.bytes.raw,2
fW4MkhBrUcioN7TOa6by.bytes.raw,2
fy0LNRhDO6mHbB148onM.bytes.raw,2
fznNYsJeIEivMxW4Ry6H.bytes.raw,2
g3Eqjr9Ze6c1vSQfUtxk.bytes.raw,2
G8bXrIAFQ0HYlnZ7eDym.bytes.raw,2
Gbf4Z8pqFsrxyKVQOcWg.bytes.raw,2
GCuDFKgQY2f1WH0B9VrE.bytes.raw,2
GEprqj7xuTa8m629zQP3.bytes.raw,2
GhcBFJEDH3mI21YTWl9z.bytes.raw,2
GjJRLwAZuYEroCO1TQVa.bytes.raw,2
gkOUScAXws6TNM7R4CPe.bytes.raw,2
GMEAV21K07wb4O3YisZP.bytes.raw,2
gPDIFE80MsLQhGBj9Xit.bytes.raw,2
Grcdm4uKwz2C3DNUxkWa.bytes.raw,2
gtdaw5AUufWFskKmGPpL.bytes.raw,2
gueIrd2O70fRUMEGczkx.bytes.raw,2
GWbiQstavLpfhYqDE8O0.bytes.raw,2
GylnjTzLMh9SO3FgivEc.bytes.raw,2
H1MY0ctT2Pn4bpUSQLmo.bytes.raw,2
H4Rm85rlJxfuQwq6d03p.bytes.raw,2
h84uQivAnMyltw6Wkx3f.bytes.raw,2
HBbWV1wZoJz2sKUl8e3r.bytes.raw,2
hcGXIb1VuBzeANFpqk25.bytes.raw,2
He4qRW17SQlfN9BcAExX.bytes.raw,2
HI5KXVitQYxech7A2ZqU.bytes.raw,2
hLcXvdUBkxJRtraije6f.bytes.raw,2
HmwfPZIjsCeOiXQ8gJo9.bytes.raw,2
HNL7GobQlxzMhkga3uy0.bytes.raw,2
hrB8P7K0OmVQEJz2AqSD.bytes.raw,2
HsL2jYueFUSCJZbPKzkn.bytes.raw,2
hu5p92KP4bYzdOkyIoNU.bytes.raw,2
HVFvDT8ahset6nl4IAp0.bytes.raw,2
HyBCp9w2VPAqbrhGZ6kj.bytes.raw,2
i0OLrWBtKpRQPv4J9fhN.bytes.raw,2
i3wtJvkrchqan5mzlF1X.bytes.raw,2
I7UrtRkQZWEwOjcHF1uY.bytes.raw,2
IBwigS1GXp6RxhV8qTEM.bytes.raw,2
idlMGO52wDkKCpNz7gYF.bytes.raw,2
ieORvyxW5dSpQtVqULX6.bytes.raw,2
Ig7mTKfQJ13ap9xriVjM.bytes.raw,2
ihtV7FB5cXINJnSzflvO.bytes.raw,2
IjSolvLdV1387MF5YNZK.bytes.raw,2
IMBK8A7rCv4p0TJLjyP9.bytes.raw,2
iOUrldKIZhAHmk6PF1b3.bytes.raw,2
iqaJCAMOH7fgxpvUX5y0.bytes.raw,2
Is7XAaJBcrSQNj2dmKlG.bytes.raw,2
ITPGq9AXn4EZKmYeFpuB.bytes.raw,2
IVprGntTFw5sqBYU4xOE.bytes.raw,2
iXgHCQ6bTzvFPout92dn.bytes.raw,2
j0dsMg3f5yYl2ZheAnTv.bytes.raw,2
j4e5K0tcpfIlSYT3QUkd.bytes.raw,2
J6RsFGzY9gtBZduifPlD.bytes.raw,2
JBhPuigxYtENMs4yToa1.bytes.raw,2
jcx2FgPBbYqshUNvkID8.bytes.raw,2
JDpx3T254Vv1UbM9OQWc.bytes.raw,2
JFiWOaubTAKCyRoBqzfn.bytes.raw,2
jgOs7KiB0aTEzvSUJVPp.bytes.raw,2
JhSGQb9mvEYIXVd0z8U2.bytes.raw,2
jkbVGNKaACut3dU4Zi7w.bytes.raw,2
JmRCrDBGEzfgISdvNsF7.bytes.raw,2
jO3ktp4CTZ8Voy2cHJUB.bytes.raw,2
JPz2sCNRcjVUDrwLh8S3.bytes.raw,2
jsSM7FgazoEt1V80ynmY.bytes.raw,2
jUeRolnr49Mm7DF0JIZX.bytes.raw,2
jWmfFxRVEBrXIGNt1PSo.bytes.raw,2
JY1d3lDuBMqznVF0NISt.bytes.raw,2
JZlEihvwTBmPUzQreyHc.bytes.raw,2
k2mxrqNg1JzRiVsIbytQ.bytes.raw,2
k4ZPKVD98Gfghw2qIXCc.bytes.raw,2
k8yohOL7S2sewB9Wzfp5.bytes.raw,2
kbSHVK3rjdaW7wlL0MF1.bytes.raw,2
KdVApoT8ODIh2ZcGE56R.bytes.raw,2
kFNUMtrqmTPOoEWzhbpx.bytes.raw,2
kHgV1BvhTqw2KXcOzudf.bytes.raw,2
kJNLp6CyAKfgVMFwUInG.bytes.raw,2
KMAcej7qgX5u9RbTUZ0x.bytes.raw,2
KNlAmtEIizBU7X5H1PwQ.bytes.raw,2
KqEgONxfHdP5lLaBIGQk.bytes.raw,2
kSNnYl3ZLvB2WI7V4iEt.bytes.raw,2
07nrG1cLKUPxjOlWMFiV.bytes.raw,3
0csgzpwdL3FbZEJu6DjO.bytes.raw,3
0fGuCWgTraQ6nEmLPN8q.bytes.raw,3
0hZqVRKkw7GfMdpalLiN.bytes.raw,3
0JAzwGUKORhFQWr3o1dN.bytes.raw,3
0meUjiuJvODcf3k9z4Iy.bytes.raw,3
0pER9ak46CKVjPoqGLcD.bytes.raw,3
0raU6iGvjZREQJYB1HX5.bytes.raw,3
0TpWNF7ULhd4Yk5bXQyP.bytes.raw,3
0xLRN4DuvoCGbjIFQKYB.bytes.raw,3
12pnF9KehUmEk4SZP3Lj.bytes.raw,3
17kCoALmxaXpcNzd5KnE.bytes.raw,3
1aJLj5T8sUYbM2trvX4n.bytes.raw,3
1dFAk8YzcKO4RVmsaS9Z.bytes.raw,3
1HJhGL4zxVvcI2se07in.bytes.raw,3
1KozfUh5ri3ngNCGH098.bytes.raw,3
1NpWfIMxU5ebEJHBAv2G.bytes.raw,3
1rCGTyze8Mqbtx49fQOu.bytes.raw,3
1uHZOdS3zTnrk8jXUQ2i.bytes.raw,3
1xSW8f3MoVAKsjTCmE79.bytes.raw,3
23DYuzrdOnl7UFyCAtk5.bytes.raw,3
29FZvBJyX0GbnaLAYeKw.bytes.raw,3
2dEMyoGL3sIO8NVu1r4b.bytes.raw,3
2fBiOgkxcmrHRInXwVWP.bytes.raw,3
2HtAZBTbmReIGCUkqfh6.bytes.raw,3
2LeQVofH8Jl4da69AUxk.bytes.raw,3
2o9qPQI3SL0ZV7wirTAO.bytes.raw,3
2r45O3Hczp6togVfAJBI.bytes.raw,3
2wIHgZMUrG4JBNf7ovxQ.bytes.raw,3
2yeOFAbBQo7CIL9WzJP6.bytes.raw,3
31xrLF5GIWsnJ9pltCBE.bytes.raw,3
39ub8EQsPK6FY45ZcmCX.bytes.raw,3
3dstJNajYRkxEV4g0nA6.bytes.raw,3
3FQGzMkIYO1EjZiJep60.bytes.raw,3
3ICTQcU6ebE5gGptuK8N.bytes.raw,3
3MGDnh5cf0wS7tzk9upR.bytes.raw,3
3QHCOA5dqfPTescoWyan.bytes.raw,3
3T62h8QPf7u5VlsFMktG.bytes.raw,3
3ufcA2y6mtDTZFXiIoL8.bytes.raw,3
3X9o8zrqkZThUFMBJjyL.bytes.raw,3
3zf9MwdQGUiXa1NYpIoE.bytes.raw,3
42j5t0OCXFxeumqPUK6p.bytes.raw,3
4arPdRYzg8kI1uEjfwiG.bytes.raw,3
4dqEznNyiFwZVYrC5G6m.bytes.raw,3
4GMZpULJPqivrtRe98sB.bytes.raw,3
4InZfrkMYP8UQOaevoK0.bytes.raw,3
4m1Gsx5JvMFgATY7LOz0.bytes.raw,3
4pA56nslGDof7acmqjhw.bytes.raw,3
4SlLxU3iCrsYunot8p72.bytes.raw,3
4UxKdBSJhLmVCngZ36HR.bytes.raw,3
4YBunKLTsWU38x2vQgwy.bytes.raw,3
52EkXpe6I1yif8SxWDYl.bytes.raw,3
57QmnCGYe0pdIy3zTgJ9.bytes.raw,3
5baZkrT2gEWtsLBSOQPN.bytes.raw,3
5DOk4mvSnz2Hob3Xgp0e.bytes.raw,3
5fvJTDKPcRtNok0OZ6WH.bytes.raw,3
5JV2OfKeRg8t6EyClWN9.bytes.raw,3
5mr4z8KW9nvdyVEY301J.bytes.raw,3
5o2LnyAK8Q7XxlOp9Muq.bytes.raw,3
5RUlGkJf6XHI3M2L18tx.bytes.raw,3
5vAJ9yOCeu6UEkbFSsPm.bytes.raw,3
5xuVWX1BMUraEz7iDdH2.bytes.raw,3
60qGO17KlItEySu345zU.bytes.raw,3
6AORky8bx20SVDHtdow7.bytes.raw,3
6F3Dj4qM15tKvNTEoQlP.bytes.raw,3
6HTiZ3c0vd2PfC89GRsN.bytes.raw,3
6mlM0bsRQHnPwUJkEvN4.bytes.raw,3
6PbsWOHRu4JvYnqGzrdx.bytes.raw,3
6SUlhvQV0HI3ger5pXnu.bytes.raw,3
6VHLJedU0IhWOs82KBtA.bytes.raw,3
6ZUjzliNqdfmES5WIgCs.bytes.raw,3
75xUGovrLMWa4tI0XJNV.bytes.raw,3
7c13Hk2SFD8NJeBYTUZs.bytes.raw,3
7EeBbm5jxfwut6nPD0iF.bytes.raw,3
7HAqkJSVFhjle8tn412s.bytes.raw,3
7KNOxVBrs8pf4u35Jdk2.bytes.raw,3
7NFwbJ9Ky8P3Iz06hU1Z.bytes.raw,3
7qBpIPJl0DvXnuWAMr6i.bytes.raw,3
7ul8ODTFRYWPryM0xfLd.bytes.raw,3
7w3H4fALRB6vVOgh8ce5.bytes.raw,3
7ykVQP3IzRgKpN95olma.bytes.raw,3
82kLgCGIRNXduWs1SrKh.bytes.raw,3
86zwqdmPOQucFREIM1Zg.bytes.raw,3
8btcXEfH4v9ITwU7OSsg.bytes.raw,3
8Ff7vLkS4YjwlDadb1R5.bytes.raw,3
8JUtNcP6rKo5xjSwOTQg.bytes.raw,3
8MFRorIPmY0iKq5Wz4xB.bytes.raw,3
8qp3fmXhNIbi9cdwG54l.bytes.raw,3
8T6pnojxKFcYQR59tEuL.bytes.raw,3
8WHGOMuhtDdw69FACxEJ.bytes.raw,3
8zFhWnEwMyZboGIm2Dp5.bytes.raw,3
96ri7DBgMW12PlxVUowY.bytes.raw,3
9DVvn8GrbQRsJwXCWcSo.bytes.raw,3
9HJsvSmGZRWbUygFt2eP.bytes.raw,3
9mHqfWkgcJb7utKZ5rCV.bytes.raw,3
9PjuhOrlRqxHeQcEBYMX.bytes.raw,3
9rzSuf6XRkCVTGbl5QUh.bytes.raw,3
9uiRm8ZfYDwsIQegUH7o.bytes.raw,3
9YlIvoaQbABMT36ji4Ow.bytes.raw,3
a29m3nUocvzC8hBOWkTL.bytes.raw,3
A5DnKNZrMEfGiyUWauSB.bytes.raw,3
a9qc1ZCzupOiSsjHdx8e.bytes.raw,3
aBzIwsiXPGYFxKEgOu2q.bytes.raw,3
ADHSRzr6YevfqojpWCBZ.bytes.raw,3
aEOAxIp0dLm5QSDCy4vX.bytes.raw,3
ag9pwZE1YjcTzekP8nsb.bytes.raw,3
aIB1DcJ893RjpdgMELfy.bytes.raw,3
aJAwV8zxIZQXh0vGi9DR.bytes.raw,3
AKZi3yaUj6nkoDm1HeGB.bytes.raw,3
amO4HkjxM8KcdFBp0h5C.bytes.raw,3
aobrBYI3k0jSdMNLcUfu.bytes.raw,3
aR1OKIrslcNG8hVYjudg.bytes.raw,3
arzldLNUhfoE3cjIZ12b.bytes.raw,3
AtDZWHR1rcVobv0yp8Yu.bytes.raw,3
auByF0EAKHrTbtweSXWU.bytes.raw,3
aWg5v9VtjYfJz38HPqOQ.bytes.raw,3
aXqpvlgB2tjeYbSHJiGV.bytes.raw,3
AZrc4eiysuWvEfYULVQz.bytes.raw,3
B25geiufAOTrNw6EYVyh.bytes.raw,3
B5x7fHcjKkEUsW6DFIQz.bytes.raw,3
B8tsng0FirpRMI7YaZUS.bytes.raw,3
bazOp8SLuGgisveCP0QI.bytes.raw,3
bDfQnleI6rqp5Nw9GC3O.bytes.raw,3
bEP6OGBDYvqSa1XVMuwj.bytes.raw,3
bFwlXdoNrsPiWEkZBOva.bytes.raw,3
bHX3c9EA1NTBKSk2aD47.bytes.raw,3
BkUC8L5ziTgyA4Pberfq.bytes.raw,3
bLNRehaMlSUd19V68ugD.bytes.raw,3
bmrB2ODR0ng6QwkCJXUH.bytes.raw,3
BP1r4aHtfY2evFbukXZL.bytes.raw,3
bPxO8C4QDMk9nFzyvHTB.bytes.raw,3
BRghGEp2P8emtvNHYSTU.bytes.raw,3
buBlVDgxKRNZtM90S3Yh.bytes.raw,3
bWHnGtLmyoK0de1vJB3S.bytes.raw,3
BXKmeITqa7cfsyYEdpFS.bytes.raw,3
BY8w7dTsS2GgLR5pbMKj.bytes.raw,3
bzVp2rDhyOvx4c37gmuC.bytes.raw,3
c1nP8lvwZ6xB3jLdirMW.bytes.raw,3
c4RSgNFGuhfKJakmUWCx.bytes.raw,3
C70ihKqv4Ll6GDQSrk1J.bytes.raw,3
c9fSauIX2i57AtLlhPvx.bytes.raw,3
cAxogRZB2v9lEmzr10Oa.bytes.raw,3
cDybNVfe7X0oUY186BtE.bytes.raw,3
CF1ivEJDg47qMtxPWGUY.bytes.raw,3
CGtzUByc19fMLP6ioT8n.bytes.raw,3
cijt4e7E8HuyZpfMd3nT.bytes.raw,3
cJwzICkWuPeqRh67ELg5.bytes.raw,3
cL8foiVrhFI21PQ5ARUt.bytes.raw,3
CmoiKcBj6wySzXrJIf0W.bytes.raw,3
CNMG4WYjkvLo35lbngdm.bytes.raw,3
cpdsREmet3FyD1oYZVIn.bytes.raw,3
CqQlP6D9YapR71wb2d48.bytes.raw,3
crKe1xWtHpsz20LdiVMS.bytes.raw,3
cTt2FxBW3NsAd4LhvQpn.bytes.raw,3
Cv4pEJPDoxHsByfn2eYT.bytes.raw,3
cW45XHLmtsC3QgpiUvJO.bytes.raw,3
cxHojJW4LKR1XOMPf2Zb.bytes.raw,3
cZ8wCtJL6unqdGBDsmXx.bytes.raw,3
d0j39TQiauSXbpsINeU1.bytes.raw,3
D5Rb6TvCxzcwhUsF4J9A.bytes.raw,3
d8xwlCsZztFpTnjSRWf3.bytes.raw,3
DaRMwOQZm3zStcEGYxgK.bytes.raw,3
db8fq1nUoRsFN2y5LkX6.bytes.raw,3
dDqoZ3Or2ja7chv8PSQn.bytes.raw,3
DfvLFE0CayZ3NVuKxIbq.bytes.raw,3
DhZlIOgu7sYeHvWGbmU5.bytes.raw,3
dIUsC2eFoGQ05ifjtn3R.bytes.raw,3
djy2nxpL3gDSzf4G01vw.bytes.raw,3
dl1Rnu3LjSfcbJ6VT5tZ.bytes.raw,3
dN3DR9xeJwyLlHFo5sju.bytes.raw,3
dOiY69mAf1JzMSr3vkcR.bytes.raw,3
dqeifyYrxHMKvs0p7Um3.bytes.raw,3
DrWTYOI3wkt2aCUB61Eb.bytes.raw,3
Dsg96OKfZAq5ynarhiwT.bytes.raw,3
dugyFIjzTMPYlKbWrkoD.bytes.raw,3
DW2p936zbvPKIECerA70.bytes.raw,3
dWR0pTQsxDn2aVoM37CB.bytes.raw,3
DZ9asqbIBo1XLmUvRy7k.bytes.raw,3
E0NXAeY94PHxfbrW7KLi.bytes.raw,3
E3BIVijdM2ck7KGTzfyY.bytes.raw,3
e5fn4GutJO601CgUSZF8.bytes.raw,3
E7QxgmVGInW4LClbyA5w.bytes.raw,3
E9oGIQiNlMZgCKxSW8wj.bytes.raw,3
eBSsIx2XOkMZAtG5oR3F.bytes.raw,3
edabs9nDHqGtNkgQluzm.bytes.raw,3
eFwWS831ZPtIVDkRvXOY.bytes.raw,3
egtVNRmfrHxwznaFh03c.bytes.raw,3
EI4Jgyofj8CHR0ts59Ur.bytes.raw,3
EkNDq5ziOQ0ocGdC3TX7.bytes.raw,3
Emc01jZdFVvCl7bWX2Ae.bytes.raw,3
EOpoZ2Li1jz5ebtgsaIV.bytes.raw,3
EPvTibqU2KGLxgWzVj7O.bytes.raw,3
ERxv2Sm37oVrpwNdThsk.bytes.raw,3
eSUGbM9WlOzdasRjqryN.bytes.raw,3
eu3NlqHJxfOcWkZIR87P.bytes.raw,3
eWEdpkD7rq68HxBKzXRf.bytes.raw,3
eXUS3QBdChLqRxM8aYEs.bytes.raw,3
eZR8qPzWGxc3STrUFkIn.bytes.raw,3
F4DMfxlcO280BNdQSi6a.bytes.raw,3
FamuZb1OtvK27HRgeUSM.bytes.raw,3
FCaLERyvU1OercSMYVjT.bytes.raw,3
fDvcA15FYzlk7Jr3I64X.bytes.raw,3
fgnYk4dvDjt0VoSH8BE6.bytes.raw,3
fJcZviE0mUTYWht9kSVe.bytes.raw,3
FlOzLwfIpHSmsBd18vXV.bytes.raw,3
foaW2s9e160A5kjJVcKx.bytes.raw,3
fPUD6x9tbpI3GclZuTJM.bytes.raw,3
fR5G8JpWEyoHg9jiaKwv.bytes.raw,3
FsQeNCSYAb9jIP7DOByz.bytes.raw,3
fubHnIvW17oPhXJw9yC4.bytes.raw,3
FWmHJkilr3f9wGYgbysv.bytes.raw,3
FyTSsd5IWQ8OcUaHbgB3.bytes.raw,3
fZzkQNlXKvy7cVJ584hB.bytes.raw,3
g2ejvfTiyq3acR0MAQYG.bytes.raw,3
g5AVPIGTEBSxH6uQwWJC.bytes.raw,3
g8YBNnm4T162fPK7tqjL.bytes.raw,3
gAGnfdjOV8H4XPTvFsw0.bytes.raw,3
gBPu5wieVs9jhbcmrIMl.bytes.raw,3
gCBJQKMq14Atfe3ZSRX9.bytes.raw,3
gdMSLJ5UZmtPpN8W3ja6.bytes.raw,3
GFdy1EXBLj6k4ceIfvOA.bytes.raw,3
GgNDAxu4rSEsTMaoUczR.bytes.raw,3
gIzJEByY4vpkSQcZPH2C.bytes.raw,3
gkMCUHdEl6p0LXbyPItu.bytes.raw,3
GLz6FdekWya3tsUovJPZ.bytes.raw,3
gnuITJ1G6aZPskYvm3FX.bytes.raw,3
gq0Y8ZH1eU2NuIo5tOA6.bytes.raw,3
GseuqVvdHoYCySXkJpEL.bytes.raw,3
gTcyJ45Wb3CRzmEqZKse.bytes.raw,3
guK1jI6B9oNCAaZ8TneQ.bytes.raw,3
gw87Mocj1q69KrPG2h4V.bytes.raw,3
gxcwNmienYJZFR3fGKM8.bytes.raw,3
gYtamL8EyZN9Bp3wTkQF.bytes.raw,3
h0VaLmr69gdOiyRwStZQ.bytes.raw,3
h5uGZKiToFpXSrkcARlB.bytes.raw,3
H9Eli3VJ5WdQ2uejmpKL.bytes.raw,3
HaUeYinvf3MuGdmjSBI0.bytes.raw,3
hBZHIa6WXjLPgdQyETGu.bytes.raw,3
hdm2IYJXvzDOotwQuRc5.bytes.raw,3
hf6rMnsUwcFdSR8J4QKy.bytes.raw,3
Hginatj9xKRWTLDb3Jyc.bytes.raw,3
hiSzJtUH7VqsZ6fDIr35.bytes.raw,3
hKEeYz2uOGHiAUMRd7Jc.bytes.raw,3
HlRnpWyuP37okUqjdhC2.bytes.raw,3
hmnKR1fgGFeidy5OHP9C.bytes.raw,3
ho9d5i06MgDQnwOzUWyC.bytes.raw,3
hQ3EP5rHNeKgWXGIaZUC.bytes.raw,3
hRVBH2z6buFoNA7kZvS8.bytes.raw,3
hTOJKwgGvBxb3dS8e9cn.bytes.raw,3
hV9s7iFoKgMuRTDep8Ny.bytes.raw,3
hwHqFn9SxcKJCr8LUaz2.bytes.raw,3
HxF89VRJUwYW65iBKOIu.bytes.raw,3
HyGZgONJhVT2lqb0tjwF.bytes.raw,3
HZXjECPAaRNxQVy2KepW.bytes.raw,3
I2W3i5wHhq9UpyFVRgzE.bytes.raw,3
i6KyXHtn09sfC7BZ2FDN.bytes.raw,3
i86xH3JvoKDSFXOYLcUm.bytes.raw,3
iA6lTGX7Lsy4FNHuDb5k.bytes.raw,3
iCjLYXNmqyRhtbeWfFG5.bytes.raw,3
IDqzFwbkhjylEV35KGmv.bytes.raw,3
IfJGXu1STEWvZDoMV4Q0.bytes.raw,3
iHE9eFjSh5PsLXYNG2u7.bytes.raw,3
IJVGstw6jylqvRrkMocZ.bytes.raw,3
IMbPzjHdRV0pgNQXqLKF.bytes.raw,3
indtboM4Vuay6ZkYIQNW.bytes.raw,3
IpiTQaNwzv7hdnmWcb9P.bytes.raw,3
Iq568cLUZv7RVxy2dr0f.bytes.raw,3
IR1CwpWFqsnd8gJZtbca.bytes.raw,3
iSDOzmncxkoV39KgPQLy.bytes.raw,3
iUMBXW25b4RIsgx78CZw.bytes.raw,3
iWHoYVvyGgmCQ4NEzRU3.bytes.raw,3
iXOK1q4SN38EUDbnAWlG.bytes.raw,3
iZPHLa7FsKXpwDTYkxCo.bytes.raw,3
J2qhWn8lStp39MUZOEjX.bytes.raw,3
J4LdiPEnT2yDVqhCofc3.bytes.raw,3
j8nmPzbFQ3ovqrXu9JtV.bytes.raw,3
JaQydTjesbikFpx6m9Zv.bytes.raw,3
JcaYWHPMxb4jSBLiXZNC.bytes.raw,3
JDWPrC4Vh2SevtkYimaz.bytes.raw,3
JfHLpzI7Za8nXSy0lGjO.bytes.raw,3
Jgtyz9OK13M2CYkmZolp.bytes.raw,3
Ji7DQlNX1HEnCWIVekvf.bytes.raw,3
JkIA4qhYunzdUt39xGrC.bytes.raw,3
Jlhb9akq5NpXnvIg4DG8.bytes.raw,3
JNez4Z10tfKa52BDCkVb.bytes.raw,3
JON9kgnBYK4WXdoElIRQ.bytes.raw,3
jpzob9ECS6aLQDiYWTkV.bytes.raw,3
JrxO687zPbmCVTacWq9d.bytes.raw,3
jUDRevNaIGil1Tp7SOks.bytes.raw,3
jviZUT0mHFqDPVzrKXLu.bytes.raw,3
jwSaizlJICMDZyYkH3FG.bytes.raw,3
JycBQ9bRKZChEMI4DWPe.bytes.raw,3
jZzi1wtyQf5L7HuTO9hU.bytes.raw,3
k21wH4fuKrALS8z9hXVO.bytes.raw,3
1PQFYMSBLAO9TmKk2Zhj.bytes.raw,4
2VhINMP4oKmsnjZkY38U.bytes.raw,4
3ekS6OIvjTVhQsgrqiHo.bytes.raw,4
4GUJ7HBXO8I56WyRSMQd.bytes.raw,4
5aqZV2vfkm63IeXYPlWg.bytes.raw,4
5YMeDkHjclrCPd8OuymR.bytes.raw,4
6HdwDkgvEnNh9cqlyfR7.bytes.raw,4
6XvS9xbnOsJKrGL30NZM.bytes.raw,4
7J4un8UNCgcPYmzsyxZI.bytes.raw,4
849LvXpTdqesHuxnwfOG.bytes.raw,4
8NOJxRZ65rjy1H0pKWsA.bytes.raw,4
9CVbzaWsLvcHjPqZu2Q3.bytes.raw,4
9rYnHZKwqkfS43RQ5JhE.bytes.raw,4
aeS2NqfM8tWdDKUsQgR5.bytes.raw,4
ARIuhH95Kori4B8wmQLM.bytes.raw,4
BAGfw1SeoPIqyhTErbit.bytes.raw,4
bsdFLWce8w4kI72U6hS0.bytes.raw,4
bzmIweixPWfjVQXhO3r4.bytes.raw,4
cHGNtfV2oq0UwBWSgA9r.bytes.raw,4
CnhXYK6fcAieFjQgJ4Hv.bytes.raw,4
CvdWjIn9A4GkBbp1HF6T.bytes.raw,4
dAW1p8eljnvTZCgtfYHa.bytes.raw,4
drBa6Xi5wAsectZYNb2n.bytes.raw,4
e7JZ2kUbKHzhfpMRctqE.bytes.raw,4
ekRZWI15vJCVP3iBYjld.bytes.raw,4
Erlut8aMiL1F5YsjO4GS.bytes.raw,4
fbYAeW5rtdnFRcsvyo3X.bytes.raw,4
Fmgw4Qj1asTx0fS6Hvb2.bytes.raw,4
frgtup5NAaT9qRVDj4hO.bytes.raw,4
g7vEfrR3s49CH8AVUeSu.bytes.raw,4
GewamPurl6D0Fs3zvbon.bytes.raw,4
gNBSR3AMjacCEUOKFfhW.bytes.raw,4
GTXj5Lg2ZF4tJAsPBCYc.bytes.raw,4
HC1UgrS8istEpO0A7avX.bytes.raw,4
hnGHbT23JFgl9ORqPKuk.bytes.raw,4
iaHNVLkKABMznmxDWFZ5.bytes.raw,4
iJpgS9hMDuFrCTItyokl.bytes.raw,4
IUSuf2hBaRG8yrNJqDHz.bytes.raw,4
j2wLH4fBoVF7rJK0ks5t.bytes.raw,4
jBXul1FAgEcKxO9ZYCDU.bytes.raw,4
Jpvuw1BibgPOt0SnKD9Q.bytes.raw,4
k2W1nfmMKqwIPxsl6ire.bytes.raw,4
kdzj2p0qHin4fMBCaPF5.bytes.raw,4
kRUx3TuoJSgp0sqDzNGX.bytes.raw,4
l4UcKFH3ZaGOvsxnzYdC.bytes.raw,4
LEnDGzVIjHaqmrPMJyR0.bytes.raw,4
ljuryB4bfagHqV5FM9Ae.bytes.raw,4
0qjuDC7Rhx9rHkLlItAp.bytes.raw,5
5tMCNKDogQ2x7zwUbpcZ.bytes.raw,5
CRrAOvzk452LVZIGMWsq.bytes.raw,5
FdiEeV3N8WtUSXjmcrxo.bytes.raw,5
i8WIr0dtVHSGMmwFlcUY.bytes.raw,5
0Cq4wfhLrKBJiut1lYAZ.bytes.raw,6
0sM2atqTo48GgnFwhQXu.bytes.raw,6
1A7UqoIMrxHgVuW3FS9c.bytes.raw,6
1R0pmNFb5znDi6aTVeZt.bytes.raw,6
27c0DulJmYsz8ajZULHC.bytes.raw,6
2JfpcM9ACq4XatFLho8z.bytes.raw,6
2zN5EbfhwyZKgGodjiQu.bytes.raw,6
3MG6tJEmkClb5pB0aOQT.bytes.raw,6
41sxuO3ZpR5vAc0Kbjqe.bytes.raw,6
4BqR2fxGsol50irLHIU9.bytes.raw,6
4KuEofPrvHURC9i8JGnt.bytes.raw,6
4U9dtRMoQrbgeB2iSYZE.bytes.raw,6
5LM8dkt1OsGXwp3JSP2T.bytes.raw,6
60q1Io2usSnJWyNpzDlA.bytes.raw,6
6dthzN459qegiaRAJcjP.bytes.raw,6
6nO0fzCtXw5ryNuSIRVa.bytes.raw,6
6xezkmBt9upOylqoX48E.bytes.raw,6
7dNt3WEY0kxjshoeLAw5.bytes.raw,6
7rvpSAIkeV8TKQDi0lw5.bytes.raw,6
82L6irNBWpMQZ9DRlXKw.bytes.raw,6
8jN4P37vE9ROTiHoZaDG.bytes.raw,6
8WmlQwgVXPJzeT36c0af.bytes.raw,6
9dqPn4IQFJCw127aTVhp.bytes.raw,6
9PcpS0d47xHb5aeCVUsQ.bytes.raw,6
A9SBTCOonUdluM8aqzXf.bytes.raw,6
adYrf7Jq8tuID9pVzkMN.bytes.raw,6
Akbqr8c0E31QoOTwKefL.bytes.raw,6
AP7s0ptJOaL52rh9qNH8.bytes.raw,6
auQidPmlt1NneSZ7FRjs.bytes.raw,6
b2nCMhEW137KuGiLXkf9.bytes.raw,6
BkI0DfGqsHhejTp3v1RP.bytes.raw,6
Br5kJPaoUAEHjGcINVtS.bytes.raw,6
bUtG1D8cgh4SzifWksaH.bytes.raw,6
c2WbVqndpY9mhHXgRTti.bytes.raw,6
CG8yAbuJhMZkn096zFjr.bytes.raw,6
CJyopa7dqfBGlR6wUgSV.bytes.raw,6
cNVHORo5DAFCQe6TWSbm.bytes.raw,6
CY2nyMb5XBKN0RaLsr9E.bytes.raw,6
d7XHlwrYtyQk8CNIa0AU.bytes.raw,6
DibnkXflY49wcOpo7vyK.bytes.raw,6
DohL5RXbrCuUNZtM28x7.bytes.raw,6
DtdNReLjlsEgKPUxrvHT.bytes.raw,6
dzV4q1iWUT3eIODcFJSx.bytes.raw,6
EC82QvRNxyZOiAKhlo0V.bytes.raw,6
ejK1lrfCdNmypPw5suUk.bytes.raw,6
eQVmTuqlHYXLJ6DBCsg5.bytes.raw,6
euLEGg3lHfAIJz9dvyqa.bytes.raw,6
f0jhPJ2913c56yY4mwEi.bytes.raw,6
Fa87QkVGAHec3PfuwbMm.bytes.raw,6
fjTHiqwEYGch15B3NLtx.bytes.raw,6
FPG6AxT0SdX5eEfMiNbj.bytes.raw,6
fUX42V0cAKtij9IHrE6N.bytes.raw,6
GaNBEjUSeVQFLi3mcur9.bytes.raw,6
gEZCMz90lrmI8cx37FNT.bytes.raw,6
gk8xFmXc9QyVId06tvlu.bytes.raw,6
gVOE7DmPnKrA2Yj5Fz41.bytes.raw,6
H0MWhBng75iZPVOTNdas.bytes.raw,6
Hch7ZabpYeQx94mSA2GL.bytes.raw,6
HKD6kbY482MvpV9saOhi.bytes.raw,6
hpqvBuROHrncA5E0fxjy.bytes.raw,6
hUswQjfHbyK0z15ZPvix.bytes.raw,6
I2QaRs1y4TmZVLwWCPv7.bytes.raw,6
iaImWBFPQdAZG5zKORE9.bytes.raw,6
ihbKdvnE3kJf0oTz8s9q.bytes.raw,6
IoPNU9sX4CqjaxABizpR.bytes.raw,6
IThBzvVbMReu248oK3UJ.bytes.raw,6
iYM4CwymksIGXDHt7uAT.bytes.raw,6
jBRENK34v8VzuSOUQIFJ.bytes.raw,6
jKSfaQzPoOmT7np0IsuJ.bytes.raw,6
JocNhQ0k3YVagXdWFwb4.bytes.raw,6
juGVt8nSNeo7OJr2p0md.bytes.raw,6
JxCiRHy4M6F5Kw8rDfjq.bytes.raw,6
K48cme3a1Bsfl2xoG7dD.bytes.raw,6
KC4y0GNUxi6AvuRpQwsj.bytes.raw,6
KIMkclhHJbdsR5218rzq.bytes.raw,6
0LAXajqhQy7po16dw8Tx.bytes.raw,7
1iWTJCzlSZgempU2xf04.bytes.raw,7
1YSNBUsrXKc3hWq7IayR.bytes.raw,7
2UBy1ZDIiOxJHNnX35Mf.bytes.raw,7
3y7txXDPZ1RneiGcgC65.bytes.raw,7
5EVhC0IMi1dNb7TtgxRa.bytes.raw,7
697TFDm0KRiZIgB4pJG1.bytes.raw,7
7cx4QdBWg9wMa2pvOLuo.bytes.raw,7
87zKHh2vErX6McwSZQyT.bytes.raw,7
9C7P6vDFXbryOshpKcfn.bytes.raw,7
a82KdTuoj3nB9bU7IfeJ.bytes.raw,7
ANPyxi13XKGvsF5zlQqW.bytes.raw,7
AXvM7mlBfJ8eHVDcspNz.bytes.raw,7
bJvcld8YQ9OxDAnwtSfp.bytes.raw,7
BsLcIW6ren2ZUDX74Cbu.bytes.raw,7
CBg8aqJVTF3uonOkdws4.bytes.raw,7
CnYUH3dAJoPrSIc2xkF4.bytes.raw,7
D5IFWSHNBGQ830htKavg.bytes.raw,7
DhWInBmVuLfEF18YRPHZ.bytes.raw,7
dolHJvDGFs2hk4LIPR65.bytes.raw,7
dXjshFqBCTlzow9QZmEc.bytes.raw,7
eigPHkQWn1yJ8tpoAXYM.bytes.raw,7
et8JFZUipOPKBl3DsEGo.bytes.raw,7
F58JACMhQPSYrdxqBW2p.bytes.raw,7
FNRvlymt10cLEBADOj9u.bytes.raw,7
G3QcJL0nO9qCtzNpKFVI.bytes.raw,7
ghTfdVis0eRN3S1DEJFX.bytes.raw,7
GTwAhvdcq2zjZBPEbWSL.bytes.raw,7
Hg89VOKL6ZYk5oSC4cMU.bytes.raw,7
HvODZ7dlIkSCKzyP1pXR.bytes.raw,7
I5bhsB7CcpUDVn8Yglwy.bytes.raw,7
IeSLbp1rGWqQAvPX3T2j.bytes.raw,7
iOj4fAeuRb92FNIzQoDt.bytes.raw,7
IZvLMWGkFTNuo91UBpn8.bytes.raw,7
JhufrNciMQKETOUGZ8Ls.bytes.raw,7
jPwdh0NtUaR9T4MIWcuE.bytes.raw,7
K2QNGrnBZP7I5MiF9kUb.bytes.raw,7
KdPahj5FQB4RCbNEzsnS.bytes.raw,7
kN2FUugrtwA3nhWd7bBT.bytes.raw,7
L2QwdUyG0HISDVk8rcsE.bytes.raw,7
0cTu2bkefOAJqIhYUWFK.bytes.raw,8
0jKSsqXVHNucByZ9l6Ao.bytes.raw,8
0SHsZKUkI2iN1Rw4be6E.bytes.raw,8
0XrH26wcU1ASsvK5ZqhD.bytes.raw,8
1ARrSUKCbhWeTFyjp4ix.bytes.raw,8
1gYyAWCIEbGBJaMHL0k2.bytes.raw,8
1otbAhISV0yQ7vF6zndx.bytes.raw,8
250wWOtELFspbVRJAaNn.bytes.raw,8
2Eq3HXCP9O6JulmS0zY5.bytes.raw,8
2OZkNTqAJ8X61eK4pjhR.bytes.raw,8
2VvzfnrS4LiIEgCYws1J.bytes.raw,8
36mPaSFkA7gVLnCbhqTt.bytes.raw,8
3fpBaYXxU91CPZgnsGWc.bytes.raw,8
3pU5vISM0d7gtEi6wFXr.bytes.raw,8
3YCBS2N5ypQ94Um1Mhdt.bytes.raw,8
4FdKAHtfpGS1hCjgyNJo.bytes.raw,8
4QFqPWEZzs6tivACSUmO.bytes.raw,8
4xPwVZd8CpJEAUIebmvB.bytes.raw,8
56twYAxvZmueIQ42noik.bytes.raw,8
5fsyaH409vx3SUXN2jOq.bytes.raw,8
5naosJmebzLtOl9whUEG.bytes.raw,8
5RbwG9tBMSfTLscmYVJl.bytes.raw,8
60phCeViuwkrxb1vmglQ.bytes.raw,8
6EaniIdeHgsKTc8DWOG7.bytes.raw,8
6Oof29sarJPj8GEbnkTS.bytes.raw,8
6z8BRNc5EJetqCs4kZYl.bytes.raw,8
7bjNgtZXIdEuY3xCeqKW.bytes.raw,8
7ngUedxa0XfFJHLy32QW.bytes.raw,8
7tDpNPXUISleJCkZQjr9.bytes.raw,8
7Y5Egr0XjO8UIvNFA16L.bytes.raw,8
8bNCQU7PMD6lotyJixVw.bytes.raw,8
8kyU5WZRB1NtXJEuDjeH.bytes.raw,8
8sKZIX9Et54TMJP2fGBy.bytes.raw,8
9bNuqOhnWLms5kYjHVoS.bytes.raw,8
9hibmvMuBATOs1Ukco0t.bytes.raw,8
9MAtXYCG3brN6auwUjQO.bytes.raw,8
9sY1FSZLahHUVIgP4kMl.bytes.raw,8
a3GY8Ug1mfIMqdJCzuAS.bytes.raw,8
a7iA4S0nBrNKEMC3ZOjv.bytes.raw,8
aeYfI1yn7sPiR49EW5xp.bytes.raw,8
aiRmPYXZnQNA509cpthB.bytes.raw,8
AkMBjErNyVGnWaouCQZf.bytes.raw,8
anNmxI0dCHhXqo6QWYyk.bytes.raw,8
AtDzQGnjHw4lNLqJsukC.bytes.raw,8
Avw6S8FesIhXZuld0cgC.bytes.raw,8
b4fcS82CLHTEuAvUFz5W.bytes.raw,8
bEpoysiFvISXtT3G4OfP.bytes.raw,8
BIDzw09f5oL1QOtJXH2N.bytes.raw,8
BMjeIFGzP6U7qpW8YAHC.bytes.raw,8
bPjNyQd5VM3oArFuWUge.bytes.raw,8
BUGAnop1NDYTh0txE8d6.bytes.raw,8
ByjYPtUlQ0T76FekSJH5.bytes.raw,8
C6xhRUmd8vVAp4kFJBu5.bytes.raw,8
cCWp0Na4JxjTOXVw6q23.bytes.raw,8
chIxPYzG7tBTm9AXDgUC.bytes.raw,8
Ck4K1y36GgmWEzZF9LHM.bytes.raw,8
cmWUeA4FBR9laODHVhd2.bytes.raw,8
cOKeokjEfm24N0u3wh19.bytes.raw,8
Cvi1y2efF0AhORZ75uNK.bytes.raw,8
D0IG1htMFaB5AoTQRXOe.bytes.raw,8
D6JwgzycPQu7mWt09eOI.bytes.raw,8
Dc2oy138TqL6nzvtepOa.bytes.raw,8
DG3ZgsPo26QSIfXJtAUF.bytes.raw,8
DkNYd806tFbgoJ4zf1UA.bytes.raw,8
Dnk0O61Ic2hMxiAlY4bE.bytes.raw,8
dqBs38ourIHZWme1CTOp.bytes.raw,8
dTPeEC5gShQ1YVcI94N0.bytes.raw,8
DZFtMKSlYEdX9a3L8jf4.bytes.raw,8
e536492vEYorx1jONqgG.bytes.raw,8
eAZIwrCciTsq4bYWyfEh.bytes.raw,8
eCiN1Lzs8tIjdrxMQ2PR.bytes.raw,8
EgVXwZiSQbY2JPoephRM.bytes.raw,8
Ek1sLKWN2DoUFriJy7mC.bytes.raw,8
EOWxcs1J2teX9bQfn7B4.bytes.raw,8
ET2LWQHiv7RSIJd0bAsC.bytes.raw,8
EXapH4diUyGeJ95vf1YT.bytes.raw,8
F1elM9bnvJT6rG4AWk0d.bytes.raw,8
FATC6c217RtpuGiV4bZU.bytes.raw,8
Ff65YU9skLjAyMibz1B3.bytes.raw,8
Fi4uPsNg2TcG95h7JR0d.bytes.raw,8
fKR9B0IXciszvOyw1E2N.bytes.raw,8
FoS47rVe0NgkwqDayJ3v.bytes.raw,8
FRvg9Ji5jnkDWqm4sMcA.bytes.raw,8
FY8XcAmQ9V51jwKTNPdq.bytes.raw,8
G1t0leJo7ju3MPWwyLNv.bytes.raw,8
g6ClWcYBrAHskpjGXeFE.bytes.raw,8
gAq0iv5oaMkEt3eD2c9V.bytes.raw,8
GeLtAwMsZIQoD0BNuhjr.bytes.raw,8
gIhON4ojsvuxBfyJ3AMP.bytes.raw,8
GmH1ULjobZKMkcVRyqQs.bytes.raw,8
GOCxdg4XrQYsZvKf2eNP.bytes.raw,8
grm1u5UkAvVC8obIKqi7.bytes.raw,8
GVfB3ExSgaYNZu5jelOU.bytes.raw,8
GYo8tD76OWx0jkyIB1iL.bytes.raw,8
H5QR3qYhCvUI6px1oaEV.bytes.raw,8
Hart39NkLlB6RAbq5w7Q.bytes.raw,8
HfMdBXIbuSaZxGT5W4h1.bytes.raw,8
hjdkwfeHXnWoUsJPY2y3.bytes.raw,8
HNpYIJlrkg9oMPc2b3C8.bytes.raw,8
Hquc0fQsa6RVd3eDJOPv.bytes.raw,8
HSyB6uiIDacmkpwsG9Jh.bytes.raw,8
HWYcw6mKFXI9ABCz5LPE.bytes.raw,8
I2Rtqw5TSvPfYjFkXGKr.bytes.raw,8
ibfQ0Ms6FPkLSJdvEzW1.bytes.raw,8
Iec3SYD4Gimhob1xQ7sV.bytes.raw,8
igwzbq8sOkK3TR7A2Pj4.bytes.raw,8
IkFwMHPbmDB0VvxEWOGX.bytes.raw,8
iolu9ByjK2EdJUXq053t.bytes.raw,8
iSUhzuAXpcy1ofT7xW0d.bytes.raw,8
IVQkUgrW24Bmbtfvwqo7.bytes.raw,8
izRtJ6ELUuCPWAxB9ZOs.bytes.raw,8
J8BlM3NXxq4LzIsrGVPD.bytes.raw,8
JGaqTC0sRIciH5n3kDUX.bytes.raw,8
jK9SZWNRLUAhvt8o5Ycx.bytes.raw,8
jP3pSWqTDOEnCcgH7d0w.bytes.raw,8
jta5QoJ6BOMDnvhIu2Uq.bytes.raw,8
JWDgn4ehCdSx3HcoVPfr.bytes.raw,8
jyTeVvz3dUCLuwgAtlEO.bytes.raw,8
k5hNijdJSezp4M8gF10Q.bytes.raw,8
kBdDKj9W1rQPpoHmetaG.bytes.raw,8
kFyYOLBqi72sHKA08vDm.bytes.raw,8
KIlRar2dkuxMY61yTwhZ.bytes.raw,8
01jsnpXSAlgw6aPeDxrU.bytes.raw,0
0dhL8Jvcswa7U1qHiDS5.bytes.raw,0
0pXDqTLSebKWgaUOdnVE.bytes.raw,0
0yvBxsufKXzM6CwpcSYU.bytes.raw,0
1hzZA7JPylptLbxKYOmI.bytes.raw,0
1tzipfyUJACXjZYPBud5.bytes.raw,0
26Apnq34hwrYEbvSUoMV.bytes.raw,0
2HO7PmwTKCZr3t4BYJVe.bytes.raw,0
2PESUlOCzXpa46su0DeY.bytes.raw,0
2WkGMV9mKJrBAOZL5zdI.bytes.raw,0
3afO9NUdwDyT6IlAm7gk.bytes.raw,0
3Jf94PIUvg8pCqLXKzEa.bytes.raw,0
3OnykHo5geP1NAf6WVIw.bytes.raw,0
3vsl9KYdAo1tibP5DRSX.bytes.raw,0
4HGxlXJ8Ncy2Ri5az3o7.bytes.raw,0
4Nxt0uDWz8f6YpPqCTM5.bytes.raw,0
4XAPr8eSwWqzUlc739ZY.bytes.raw,0
5gVwWXsxtIzEn6RUJq7G.bytes.raw,0
5R3hLjKfZMi8mYI2zVwb.bytes.raw,0
60IMC2mZxkljd1pQnw3J.bytes.raw,0
6B17gNAqEZiQyvt8FDP3.bytes.raw,0
6KauYyxGt1n8wViqbe5X.bytes.raw,0
6qx5KcpelROjwUVJS01I.bytes.raw,0
6Wf4bxw1KEloJkMZUYt7.bytes.raw,0
7BiG4ln3xygQPaOqFpXV.bytes.raw,0
7IpfdG8WOkLFojV5bwJr.bytes.raw,0
7UJTAcmd85jRz0VitSof.bytes.raw,0
80gSqucmDeUFbHJWYy7M.bytes.raw,0
8bIuJwoxYKjFVWSdnHi6.bytes.raw,0
8J6QdyfRgIeTnFsNPKDp.bytes.raw,0
8Vaqh6ofRjLcy2CwpEHZ.bytes.raw,0
93DFQGKTLxy8Ej6kwlPu.bytes.raw,0
9d3mFhrqe5gtuLE0ACOf.bytes.raw,0
9Py0kQsvVcHmJe8fZEdT.bytes.raw,0
9zqISCo82tu64mdDhXFG.bytes.raw,0
a5dsJH2cv6QprLwWYkBx.bytes.raw,0
aeTUd9EJmopQlDxbzuZO.bytes.raw,0
AJ9BXwPQ1TvYLNM7lHGc.bytes.raw,0
anpXsbFtcGLq4oE9KdiS.bytes.raw,0
ArX2JQ5sNDhb0lyMoqu6.bytes.raw,0
axmjW0H3EnB9JRdSibKY.bytes.raw,0
b2taq4gHVORCYDoixMB3.bytes.raw,0
bB4krWM7TCiOD06x2AN1.bytes.raw,0
beDosHq791jFfRElVdmi.bytes.raw,0
BJEMSbkn8DFqZQT9g3iY.bytes.raw,0
bnTwRQSvo3CLKsgGaI45.bytes.raw,0
bRyv98nLOI2mNDlp5xK6.bytes.raw,0
byp4AhFJdw5z703jLIZO.bytes.raw,0
c5ydbUrj02fYH9qo87Lt.bytes.raw,0
CdeQsaIqAiMVRjT2Pun6.bytes.raw,0
Ci5VoabAKvT208Z9rBmq.bytes.raw,0
ClPyvT5IjZts9MbdAWOG.bytes.raw,0
Crf0YyHJukXG35MldUSV.bytes.raw,0
cVRzrh9IeJpAw2m4oyjB.bytes.raw,0
cZd0DaAvlpGMKFm17rYB.bytes.raw,0
D6u5yVKshqgxUP3WkGf1.bytes.raw,0
dc64u3pCSJhGPUMqxerX.bytes.raw,0
deVSk7LFDw5r1Ihq43GZ.bytes.raw,0
ding0xMsZFcD2rXQYNSB.bytes.raw,0
DQ98CkXM6J3tY5m1hAfK.bytes.raw,0
DSZMm8JIrBysVqoNCiRz.bytes.raw,0
DWnB8cNMprEmkXTtHu9O.bytes.raw,0
E5FzXZIDnTmau6VWepvC.bytes.raw,0
EBghIvP2MTJU6GXkAROm.bytes.raw,0
EgTaYo2uCnZ7FrH5V9fy.bytes.raw,0
EMo7F2Xe8pgWKZfwhHuV.bytes.raw,0
EvshcHYmbpX7zD5raeQO.bytes.raw,0
EZWPt7i0ocxdnqG3BvRD.bytes.raw,0
FBWcEoe1pMRfmVwN0uTZ.bytes.raw,0
fGwBYrXVc8oWC7uNnbag.bytes.raw,0
FNiG6lYdyzwD5fLUoOvC.bytes.raw,0
friQmXP9g6D5AvOasLUT.bytes.raw,0
FvEJe7LOjwDranG2tcf9.bytes.raw,0
FZhGnySKIx4prT8YmNWR.bytes.raw,0
g9MVAiYzLpkEl81buc4W.bytes.raw,0
gDmLXUe9RiC31cxBN7Vy.bytes.raw,0
gj9NIhpdqRb8UcnEeM6P.bytes.raw,0
gm6EuQ9WT1AbsPJOSnKc.bytes.raw,0
gPrRmh5MjtBE3Io7pz0e.bytes.raw,0
gtsQZdU0r159I68nfBjL.bytes.raw,0
gYZueKo9wDtQ4FRbB2lf.bytes.raw,0
H753kdOg6fvyzQLJlFbK.bytes.raw,0
Hd2RSo5Vklez7KAWpaF1.bytes.raw,0
hHMbnm8juIizgTR7LAWC.bytes.raw,0
HkMSwlB8a963ROnPtihu.bytes.raw,0
hq3SpsO8yDUYoPJilgLr.bytes.raw,0
HYXoC7FRisqWgwP0EjLK.bytes.raw,0
i8r3tlV05JwDWgYuAXdc.bytes.raw,0
iFo3vjktnyErwcb76DAK.bytes.raw,0
iHZnpXNuLTUQtElFz3jr.bytes.raw,0
IncSU1t5HBKZW9j476pX.bytes.raw,0
IrD2NqBzMT4euJQbXyv0.bytes.raw,0
iVXI84d0vYqOcLArnTtm.bytes.raw,0
j2Ovf5KQNuceaI0yliHs.bytes.raw,0
JBGVawO7uqtxM103PbNy.bytes.raw,0
jGqYz9DaFMOWUlSwJBge.bytes.raw,0
JlD2LoRumXEViyUT71PF.bytes.raw,0
jOPwcHh7kyFaB4Yv8SMU.bytes.raw,0
JSYxG6FyPnqQzEp73B9e.bytes.raw,0
JwzA3tXdgc7eNYxjCy5L.bytes.raw,0
K73w4anvIFEZi96dxtA5.bytes.raw,0
kGITL4OJxYMWEQ1bKBiP.bytes.raw,0
